Family	Database	Accession	Header
TRPN	NCBI	XP_025070495	Allsin|TRPN|TRPN1
TRPS	NCBI	EYC40953.1	Anccey|TRPS|EYC40953.1
TRPA	NCBI	ANT80566	Apimel|TRPA|HsTRPA
TRPA	NCBI	XP_001122160	Apimel|TRPA|Pain
TRPA	NCBI	XP_026296674	Apimel|TRPA|Pyr
TRPA	NCBI	XP_001122445	Apimel|TRPA|Pyx2/TRPA5
TRPA	NCBI	XP_026294939	Apimel|TRPA|Wtrw
TRPC	NCBI	XP_001120503	Apimel|TRPC|TRP
TRPC	NCBI	XP_026294918	Apimel|TRPC|TRPgamma
TRPC	NCBI	XP_006562675	Apimel|TRPC|TRPL
TRPM	NCBI	XP_016769207	Apimel|TRPM|TRPM
TRPML	NCBI	XP_624283	Apimel|TRPML|TRPML
TRPN	NCBI	XP_016767376	Apimel|TRPN|NompC
TRPV	NCBI	XP_016767339	Apimel|TRPV|Iav
TRPV	NCBI	XP_026295867	Apimel|TRPV|Nan
TRPC	NCBI	GBL75431	Araven|TRPC|GBL75431
TRPC	NCBI	GBL75433	Araven|TRPC|GBL75433
TRPC	NCBI	GBM27668	Araven|TRPC|GBM27668
TRPC	NCBI	GBM30498	Araven|TRPC|GBM30498
TRPM	NCBI	GBM10676	Araven|TRPM|GBM10676
TRPN	NCBI	GBL94897	Araven|TRPN|GBL94897
TRPN	NCBI	GBM22717	Araven|TRPN|GBM22717
TRPS	NCBI	GBM00974	Araven|TRPS|GBM00974
TRPS	NCBI	GBM23289	Araven|TRPS|GBM23289
TRPS	NCBI	GBM32255	Araven|TRPS|GBM32255
TRPS	NCBI	GBN06084	Araven|TRPS|GBN06084
TRPS	NCBI	GBN13831	Araven|TRPS|GBN13831
TRPF	NCBI	XP_001481630	Aspfum|TRPF|TRPF1
TRPF	NCBI	XP_751014	Aspfum|TRPF|TRPF3
TRPC	NCBI	XP_019619618	Brabel|TRPC|XP_019619618
TRPC	NCBI	XP_019621348	Brabel|TRPC|XP_019621348
TRPC	NCBI	XP_019622144	Brabel|TRPC|XP_019622144
TRPC	NCBI	XP_019625365	Brabel|TRPC|XP_019625365
TRPC	NCBI	XP_019627222	Brabel|TRPC|XP_019627222
TRPC	NCBI	XP_019629549	Brabel|TRPC|XP_019629549
TRPC	NCBI	XP_019633316	Brabel|TRPC|XP_019633316
TRPC	NCBI	XP_019633683	Brabel|TRPC|XP_019633683
TRPC	NCBI	XP_019633932	Brabel|TRPC|XP_019633932
TRPC	NCBI	XP_019643927	Brabel|TRPC|XP_019643927
TRPC	NCBI	XP_019647217	Brabel|TRPC|XP_019647217
TRPC	NCBI	XP_019647218	Brabel|TRPC|XP_019647218
TRPC	NCBI	XP_019647381	Brabel|TRPC|XP_019647381
TRPM	NCBI	XP_019638014	Brabel|TRPM|XP_019638014
TRPM	NCBI	XP_019640450	Brabel|TRPM|XP_019640450
TRPM	NCBI	XP_019640471	Brabel|TRPM|XP_019640471
TRPN	NCBI	XP_019632148	Brabel|TRPN|XP_019632148
TRPS	NCBI	XP_019643532	Brabel|TRPS|XP_019643532
TRPS	NCBI	XP_035685384	Braflo|TRPS|XP_035685384
TRPA	WormBase	CE42588	Caeele|TRPA|TRPA1a
TRPA	WormBase	CE18081	Caeele|TRPA|TRPA2
TRPC	Wormbase	CE54118	Caeele|TRPC|TRP1b
TRPC	Wormbase	CE36447	Caeele|TRPC|TRP2b
TRPC	Wormbase	CE03452	Caeele|TRPC|TRP3
TRPM	WormBase	CE30390	Caeele|TRPM|GON2a
TRPM	WormBase	CE33754	Caeele|TRPM|GTL1
TRPM	WormBase	CE40563	Caeele|TRPM|GTL2
TRPML	WormBase	CE34586	Caeele|TRPML|CUP5e
TRPN	WormBase	CE42788	Caeele|TRPN|TRP4
TRPP	WormBase	CE45696	Caeele|TRPP|LOV1
TRPP	WormBase	CE38663	Caeele|TRPP|PKD2
TRPS	WormBase	CE00409	Caeele|TRPS|CED11
TRPV	Wormbase	CE51877	Caeele|TRPV|OCR1a
TRPV	Wormbase	CE17232	Caeele|TRPV|OCR2a
TRPV	Wormbase	CE40872	Caeele|TRPV|OCR3
TRPV	Wormbase	CE40877	Caeele|TRPV|OCR4
TRPV	Wormbase	CE20445	Caeele|TRPV|OSM9
TRPS	NCBI	PIC39172.1	Caenig|TRPS|PIC39172.1
TRPML	UniProt	F6RG56	Caljac|TRPML|TRPML3
TRPA	NCBI	XP_007885526	Calmil|TRPA|TRPA1
TRPC	NCBI	XP_007890880	Calmil|TRPC|TRPC1
TRPC	NCBI	XP_007910239	Calmil|TRPC|TRPC2
TRPC	NCBI	XP_007906461	Calmil|TRPC|TRPC3
TRPC	NCBI	XP_007889426	Calmil|TRPC|TRPC4
TRPC	NCBI	XP_007892167	Calmil|TRPC|TRPC5
TRPC	NCBI	XP_007900054	Calmil|TRPC|TRPC6
TRPC	NCBI	XP_042195887	Calmil|TRPC|TRPC7
TRPM	NCBI	XP_042199071	Calmil|TRPM|TRPM1
TRPM	NCBI	XP_042192413	Calmil|TRPM|TRPM2
TRPM	NCBI	XP_042202555	Calmil|TRPM|TRPM3
TRPM	NCBI	XP_042200876	Calmil|TRPM|TRPM4-1
TRPM	NCBI	XP_042200875	Calmil|TRPM|TRPM4-2
TRPM	NCBI	XP_007902997	Calmil|TRPM|TRPM5
TRPM	NCBI	XP_007897564	Calmil|TRPM|TRPM6
TRPM	NCBI	XP_007903830	Calmil|TRPM|TRPM7
TRPML	NCBI	XP_042200623	Calmil|TRPML|TRPML1
TRPML	NCBI	XP_007885392	Calmil|TRPML|TRPML2
TRPML	NCBI	XP_042191255	Calmil|TRPML|TRPML3
TRPN	NCBI	XP_007884996	Calmil|TRPN|TRPN1
TRPP	NCBI	XP_007890233	Calmil|TRPP|PKD2
TRPP	NCBI	XP_007897917	Calmil|TRPP|PKD2L1
TRPP	NCBI	XP_007899556	Calmil|TRPP|PKD2L2
TRPV	NCBI	XP_007894726	Calmil|TRPV|TRPV1
TRPV	NCBI	XP_007894728	Calmil|TRPV|TRPV3
TRPV	NCBI	XP_042193649	Calmil|TRPV|TRPV4
TRPV	NCBI	XP_007886998	Calmil|TRPV|TRPV6
TRPY	NCBI	XP_716049	Canalb|TRPY|TRPY3
TRPY	NCBI	KTB11272.1	Cangla|TRPY|Yvc1p
TRPY	NCBI	XP_448082.1	Cangla|TRPY|Yvc1p
TRPA	JGI	Capca1|192646	Captel|TRPA|TRPA1-1
TRPA	JGI	Capca1|201917	Captel|TRPA|TRPA1-2
TRPC	JGI	Capca1|172686	Captel|TRPC|TRPC1
TRPC	JGI	Capca1|178440	Captel|TRPC|TRPC2
TRPC	JGI	Capca1|23127	Captel|TRPC|TRPC3
TRPC	JGI	Capca1|147411	Captel|TRPC|TRPC4
TRPC	JGI	Capca1|173024	Captel|TRPC|TRPC5
TRPC	JGI	Capca1|193245	Captel|TRPC|TRPC6
TRPC	JGI	Capca1|121306	Captel|TRPC|TRPC7
TRPC	JGI	Capca1|203375	Captel|TRPC|TRPC8
TRPC	JGI	Capca1|197782	Captel|TRPC|TRPC9
TRPM	JGI	Capca1|204381	Captel|TRPM|TRPM1
TRPM	JGI	Capca1|216067	Captel|TRPM|TRPM2
TRPM	JGI	Capca1|120255	Captel|TRPM|TRPM3
TRPM	JGI	Capca1|226576	Captel|TRPM|TRPM4
TRPM	JGI	Capca1|220620	Captel|TRPM|TRPM5
TRPM	JGI	Capca1|196769	Captel|TRPM|TRPM6
TRPM	JGI	Capca1|199955	Captel|TRPM|TRPM7
TRPML	JGI	Capca1|136028	Captel|TRPML|TRPML
TRPN	JGI	Capca1|141407	Captel|TRPN|TRPN
TRPP	JGI	Capca1|89699	Captel|TRPP|TRPP1
TRPP	JGI	Capca1|185815	Captel|TRPP|TRPP2
TRPP	JGI	Capca1|169289	Captel|TRPP|TRPP3
TRPV	JGI	Capca1|175814	Captel|TRPV|TRPV1
TRPV	JGI	Capca1|182827	Captel|TRPV|TRPV2
TRPVL	JGI	Capca1|184604	Captel|TRPVL|TRPVL
TRPC	NCBI	XP_023217963	Censcu|TRPC|TRPgamma
TRPC	NCBI	XP_023209841	Censcu|TRPC|XP_023209841
TRPC	NCBI	XP_023217962	Censcu|TRPC|XP_023217962
TRPC	NCBI	XP_023218459	Censcu|TRPC|XP_023218459
TRPC	NCBI	XP_023225280	Censcu|TRPC|XP_023225280
TRPC	NCBI	XP_023230521	Censcu|TRPC|XP_023230521
TRPC	NCBI	XP_023235285	Censcu|TRPC|XP_023235285
TRPC	NCBI	XP_023236287	Censcu|TRPC|XP_023236287
TRPC	NCBI	XP_023238125	Censcu|TRPC|XP_023238125
TRPC	NCBI	XP_023238515	Censcu|TRPC|XP_023238515
TRPC	NCBI	XP_023240102	Censcu|TRPC|XP_023240102
TRPC	NCBI	XP_023240103	Censcu|TRPC|XP_023240103
TRPC	NCBI	XP_023241765	Censcu|TRPC|XP_023241765
TRPM	NCBI	XP_023237252	Censcu|TRPM|XP_023237252
TRPN	NCBI	XP_023213474	Censcu|TRPN|XP_023213474
TRPN	NCBI	XP_023222540	Censcu|TRPN|XP_023222540
TRPS	NCBI	XP_023240584	Censcu|TRPS|XP_023240584
TRPS	NCBI	XP_023241337	Censcu|TRPS|XP_023241337
TRP-	JGI	Chlre6_1|Cre10.g452950_4532	Chlrei|TRP-|TRP01
TRP-	JGI	Chlre6_1|Cre16.g655950_4532	Chlrei|TRP-|TRP02
TRP-	JGI	Chlre6_1|Cre07.g327750_4532	Chlrei|TRP-|TRP03
TRP-	JGI	Chlre6_1|Cre17.g702250_4532	Chlrei|TRP-|TRP04
TRP-	JGI	Chlre6_1|Cre09.g398400_4532	Chlrei|TRP-|TRP05
TRP-	JGI	Chlre6_1|Cre07.g334300_4532	Chlrei|TRP-|TRP06
TRP-	JGI	Chlre6_1|Cre08.g358575_4532	Chlrei|TRP-|TRP07
TRP-	JGI	Chlre6_1|Cre03.g145147_4532	Chlrei|TRP-|TRP08
TRP-	JGI	Chlre6_1|Cre16.g801909_4532	Chlrei|TRP-|TRP10
TRP-	JGI	Chlre6_1|Cre07.g341350_4532	Chlrei|TRP-|TRP11
TRP-	JGI	Chlre6_1|Cre03.g153950_4532	Chlrei|TRP-|TRP12
TRP-	JGI	Chlre6_1|Cre03.g175050_4532	Chlrei|TRP-|TRP13
TRP-	JGI	Chlre6_1|Cre09.g397142_4532	Chlrei|TRP-|TRP15
TRP-	JGI	Chlre6_1|Cre06.g278226_4532	Chlrei|TRP-|TRP16
TRP-	JGI	Chlre6_1|Cre10.g434600_4532	Chlrei|TRP-|TRP21
TRP-	JGI	Chlre6_1|Cre02.g112200_4532	Chlrei|TRP-|TRP22
TRP-	JGI	Chlre6_1|Cre09.g390578_4532	Chlrei|TRP-|TRP23
TRP-	JGI	Chlre6_1|Cre01.g029400_4532	Chlrei|TRP-|TRP24
TRP-	JGI	Chlre6_1|Cre12.g529850_4532	Chlrei|TRP-|TRP26
TRP-	JGI	Chlre6_1|Cre12.g493050_4532	Chlrei|TRP-|TRP27
TRP-	JGI	Chlre6_1|Cre10.g422750_4532	Chlrei|TRP-|TRP28
TRP-	JGI	Chlre6_1|Cre12.g493300_4532	Chlrei|TRP-|TRP29
TRP-	JGI	Chlre6_1|Cre10.g420500_4532	Chlrei|TRP-|TRP30
TRP-	JGI	Chlre6_1|Cre01.g052750_4532	Chlrei|TRP-|TRP31
TRP-	JGI	Chlre6_1|Cre08.g358573_4532	Chlrei|TRP-|TRP32
TRP-	JGI	Chlre6_1|Cre17.g728450_4532	Chlrei|TRP-|TRP33
TRP-	JGI	Chlre6_1|Cre09.g801006_4532	Chlrei|TRP-|TRP34
TRP-	JGI	Chlre6_1|Cre17.g735021_4532	Chlrei|TRP-|TRP35
TRPP	JGI	Chlre6_1|Cre17.g715300_4532	Chlrei|TRPP|TRPP2
TRP-	JGI	Coc_C169_1|45570	Cocsub|TRP-|TRP1
TRP-	JGI	Coc_C169_1|68054	Cocsub|TRP-|TRP2
TRPF	NCBI	XP_008097990	Colgra|TRPF|TRPF1
TRPF	NCBI	XP_008099647	Colgra|TRPF|TRPF2
TRPF	NCBI	XP_008097244	Colgra|TRPF|TRPF3
TRPF	NCBI	XP_008098724	Colgra|TRPF|TRPF4
TRPF	NCBI	CCF41197	Colhig|TRPF|TRPF1
TRPF	NCBI	CCF44228	Colhig|TRPF|TRPF2
TRPF	NCBI	CCF40089	Colhig|TRPF|TRPF3
TRPF	NCBI	CCF35617	Colhig|TRPF|TRPF4
TRPF	NCBI	KZL78996.1	Colinc|TRPF|TRPF1
TRPF	NCBI	KZL77822	Coltof|TRPF|TRPF1
TRPC	NCBI	XP_011420089	Cragig|TRPC|XP_011420089
TRPC	NCBI	XP_011428523	Cragig|TRPC|XP_011428523
TRPC	NCBI	XP_011455889	Cragig|TRPC|XP_011455889
TRPC	NCBI	XP_011456753	Cragig|TRPC|XP_011456753
TRPC	NCBI	XP_011456754	Cragig|TRPC|XP_011456754
TRPC	NCBI	XP_019924985	Cragig|TRPC|XP_019924985
TRPM	NCBI	XP_011414360.1	Cragig|TRPM|XP_011414360.1
TRPM	NCBI	XP_011414379.1	Cragig|TRPM|XP_011414379.1
TRPM	NCBI	XP_011433270.1	Cragig|TRPM|XP_011433270.1
TRPM	NCBI	XP_011435194.1	Cragig|TRPM|XP_011435194.1
TRPM	NCBI	XP_011435204.1	Cragig|TRPM|XP_011435204.1
TRPM	NCBI	XP_011446980.2	Cragig|TRPM|XP_011446980.2
TRPM	NCBI	XP_011456090.1	Cragig|TRPM|XP_011456090.1
TRPM	NCBI	XP_019919132.1	Cragig|TRPM|XP_019919132.1
TRPM	NCBI	XP_019924531.1	Cragig|TRPM|XP_019924531.1
TRPM	NCBI	XP_019924535.1	Cragig|TRPM|XP_019924535.1
TRPN	NCBI	XP_011437355	Cragig|TRPN|XP_011437355
TRPN	NCBI	XP_011437356	Cragig|TRPN|XP_011437356
TRPN	NCBI	XP_011437357	Cragig|TRPN|XP_011437357
TRPN	NCBI	XP_019925747	Cragig|TRPN|XP_019925747
TRPS	NCBI	XP_011443832.2	Cragig|TRPS|XP_011443832.2
TRPS	NCBI	XP_019921765.1	Cragig|TRPS|XP_019921765.1
TRPS	NCBI	XP_019925619.1	Cragig|TRPS|XP_019925619.1
TRP-	NCBI	XP_668155	Cryhom|TRP-|XP_668155
TrpP	NCBI	XP_667205	Cryhom|TrpP|XP_667205
TrpC/P	NCBI	XP_002140701	Crymur|TrpC/P|XP_002140701
TrpP	NCBI	XP_002139610	Crymur|TrpP|XP_002139610
TRPF	NCBI	XP_012046349	Cryneo|TRPF|TRPF1
TRPF	NCBI	XP_012047247	Cryneo|TRPF|TRPF2
TrpC/P/V	NCBI	XP_627518	Crypar|TrpC/P/V|XP_627518
TrpP	NCBI	XP_627866	Crypar|TrpP|XP_627866
TRPA	NCBI	NP_001007067	Danrer|TRPA|TRPA2
TRPC	NCBI	NP_001025337	Danrer|TRPC|TRPC2
TRPC	UniProt	U3N7D8	Danrer|TRPC|TRPC4
TRPM	UniProt	A0A0R4IMY7	Danrer|TRPM|TRPM2
TRPM	NCBI	ADT91627	Danrer|TRPM|TRPM6
TRPML	NCBI	NP_001315094	Danrer|TRPML|TRPML1
TRPN	NCBI	NP_899192	Danrer|TRPN|TRPN1
TRPP	NCBI	NP_001002310	Danrer|TRPP|TRPP2
TRPV	NCBI	NP_001036195	Danrer|TRPV|TRPV4
TRPA	JGI	Dappu1|315097	Dappul|TRPA|painless
TRPA	JGI	Dappu1|309877	Dappul|TRPA|Pyx1
TRPA	JGI	Dappu1|327376	Dappul|TRPA|Pyx2
TRPA	JGI	Dappu1|329422	Dappul|TRPA|Pyx3
TRPA	JGI	Dappu1|242969	Dappul|TRPA|TRPA5
TRPC	JGI	Dappu1|313494	Dappul|TRPC|TRP
TRPC	JGI	Dappu1|323725	Dappul|TRPC|TRPgamma
TRPC	JGI	Dappu1|305838	Dappul|TRPC|TRPL
TRPM	JGI	Dappu1|51461	Dappul|TRPM|TRPM1
TRPM	JGI	Dappu1|51222	Dappul|TRPM|TRPM2
TRPML	JGI	Dappu1|198851	Dappul|TRPML|TRPML
TRPN	JGI	Dappu1|327215	Dappul|TRPN|NompC
TRPV	JGI	Dappu1|41236	Dappul|TRPV|Iav
TRPV	JGI	Dappu1|44539	Dappul|TRPV|Nan
TRPY	NCBI	XP_002770187	Debhan|TRPY|TRPY1
TRPVL	NCBI	XP_028405944.1	Dengig|TRPVL|TRPVL
TRPS	NCBI	XP_027204088.1	Derpte|TRPS|TRPS
TRP-	NCBI	XP_635110	Dicdis|TRP-|TRP1
TRP-	NCBI	XP_644933	Dicdis|TRP-|TRP2
TRP-	NCBI	XP_003289960	Dicpur|TRP-|TRP1
TRP-	NCBI	XP_003289259	Dicpur|TRP-|TRP2
TRP-	NCBI	XP_003283790	Dicpur|TRP-|TRP3
TRPVL	NCBI	CAD5123450.1	Dimgyr|TRPVL|TRPVL
TRPC	NCBI	XP_033173512.1	Dromau|TRPC|TRPgamma
TRPA	FlyBase	FBpp0072323	Dromel|TRPA|Pain
TRPA	FlyBase	FBpp0072423	Dromel|TRPA|Pyr
TRPA	FlyBase	FBpp0304207	Dromel|TRPA|TRPA1
TRPA	FlyBase	FBpp0081250	Dromel|TRPA|WTRW
TRPC	FlyBase	FBpp0084879	Dromel|TRPC|TRP
TRPC	FlyBase	FBpp0080498	Dromel|TRPC|TRPgamma
TRPC	FlyBase	FBpp0087555	Dromel|TRPC|TRPL
TRPM	FlyBase	FBpp0308220	Dromel|TRPM|TRPM
TRPML	FlyBase	FBpp0074720	Dromel|TRPML|TRPML
TRPN	FlyBase	FBpp0289289	Dromel|TRPN|nompC
TRPP	FlyBase	FBpp0074750	Dromel|TRPP|BRV1
TRPP	FlyBase	FBpp0075004	Dromel|TRPP|BRV2
TRPP	FlyBase	FBpp0289932	Dromel|TRPP|BRV3
TRPP	FlyBase	FBpp0079947	Dromel|TRPP|PKD2
TRPV	FlyBase	FBpp0070930	Dromel|TRPV|IAV
TRPV	FlyBase	FBpp0088509	Dromel|TRPV|NAN
TRP-	Ectsi	Esi0019_0113	Ectsil|TRP-|Esi0019_0113
TRP-	Ectsi	Esi0019_0117	Ectsil|TRP-|Esi0019_0117
TRP-	Ectsi	Esi0019_0120	Ectsil|TRP-|Esi0019_0120
TRP-	Ectsi	Esi0020_0081	Ectsil|TRP-|Esi0020_0081
TRP-	Ectsi	Esi0032_0161	Ectsil|TRP-|Esi0032_0161
TRP-	Ectsi	Esi0049_0030	Ectsil|TRP-|Esi0049_0030
TRP-	Ectsi	Esi0056_0075	Ectsil|TRP-|Esi0056_0075
TRP-	Ectsi	Esi0075_0110	Ectsil|TRP-|Esi0075_0110
TRP-	Ectsi	Esi0078_0019	Ectsil|TRP-|Esi0078_0019
TRP-	Ectsi	Esi0124_0020	Ectsil|TRP-|Esi0124_0020
TRP-	Ectsi	Esi0156_0060	Ectsil|TRP-|Esi0156_0060
TRP-	Ectsi	Esi0169_0052	Ectsil|TRP-|Esi0169_0052
TRP-	Ectsi	Esi0211_0032	Ectsil|TRP-|Esi0211_0032
TRP-	Ectsi	Esi0255_0025	Ectsil|TRP-|Esi0255_0025
TRP-	Ectsi	Esi0255_0034	Ectsil|TRP-|Esi0255_0034
TRP-	Ectsi	Esi0255_0038	Ectsil|TRP-|Esi0255_0038
TRP-	Ectsi	Esi0383_0013	Ectsil|TRP-|Esi0383_0013
TRP-	Ectsi	Esi0384_0009	Ectsil|TRP-|Esi0384_0009
TRPM	UniProt	U3JD03	Ficalb|TRPM|TRPM8
TRPF	NCBI	XP_011323770	Fusgra|TRPF|TRPF4
TRPF	NCBI	XP_011321451	Fusgra|TRPF|TRPGz
TRPS	NCBI	XP_018495285.2	Galocc|TRPS|TRPS
TRPA	CCDS	CCDS34908	Homsap|TRPA|TRPA1
TRPC	CCDS	CCDS58856	Homsap|TRPC|TRPC1
TRPC	CCDS	CCDS47130	Homsap|TRPC|TRPC3
TRPC	CCDS	CCDS9365	Homsap|TRPC|TRPC4
TRPC	CCDS	CCDS14561	Homsap|TRPC|TRPC5
TRPC	CCDS	CCDS8311	Homsap|TRPC|TRPC6
TRPC	CCDS	CCDS47267	Homsap|TRPC|TRPC7
TRPM	CCDS	CCDS10024	Homsap|TRPM|TRPM1
TRPM	CCDS	CCDS13710	Homsap|TRPM|TRPM2
TRPM	CCDS	CCDS6634	Homsap|TRPM|TRPM3
TRPM	CCDS	CCDS33073	Homsap|TRPM|TRPM4
TRPM	CCDS	CCDS31340	Homsap|TRPM|TRPM5
TRPM	CCDS	CCDS6647	Homsap|TRPM|TRPM6
TRPM	CCDS	CCDS42035	Homsap|TRPM|TRPM7
TRPM	CCDS	CCDS33407	Homsap|TRPM|TRPM8
TRPML	CCDS	CCDS12180	Homsap|TRPML|TRPML1
TRPML	CCDS	CCDS30762	Homsap|TRPML|TRPML2
TRPML	CCDS	CCDS701	Homsap|TRPML|TRPML3
TRPP	CCDS	CCDS32369	Homsap|TRPP|PKD1
TRPP	CCDS	CCDS34633	Homsap|TRPP|PKD1L1
TRPP	UniProt	Q7Z442	Homsap|TRPP|PKD1L2
TRPP	CCDS	CCDS73912	Homsap|TRPP|PKD1L3
TRPP	CCDS	CCDS3627	Homsap|TRPP|PKD2
TRPP	CCDS	CCDS7492	Homsap|TRPP|PKD2L1
TRPP	CCDS	CCDS43367	Homsap|TRPP|PKD2L2
TRPP	CCDS	CCDS14073	Homsap|TRPP|PKDREJ
TRPV	CCDS	CCDS45576	Homsap|TRPV|TRPV1
TRPV	CCDS	CCDS32576	Homsap|TRPV|TRPV2
TRPV	CCDS	CCDS11029	Homsap|TRPV|TRPV3
TRPV	CCDS	CCDS9134	Homsap|TRPV|TRPV4
TRPV	CCDS	CCDS5875	Homsap|TRPV|TRPV5
TRPV	CCDS	CCDS5874	Homsap|TRPV|TRPV6
TRPA	NCBI	XP_012566755	Hydmag|TRPA|TRPA1-1
TRPA	NCBI	XP_012558061	Hydmag|TRPA|TRPA1-2
TRPA	NCBI	XP_012558281	Hydmag|TRPA|TRPA1-3
TRPA	NCBI	XP_012557933	Hydmag|TRPA|TRPA1-4
TRPA	NCBI	XP_012557262	Hydmag|TRPA|XP_012557262
TRPA	NCBI	XP_012558786	Hydmag|TRPA|XP_012558786
TRPA	NCBI	XP_012561422	Hydmag|TRPA|XP_012561422
TRPA	NCBI	XP_012565640	Hydmag|TRPA|XP_012565640
TRPM	NCBI	XP_012554388	Hydmag|TRPM|TRPM1
TRPM	NCBI	XP_012554386	Hydmag|TRPM|TRPM2
TRPM	NCBI	XP_012561335	Hydmag|TRPM|TRPM3
TRPM	NCBI	XP_012565257	Hydmag|TRPM|XP_012565257
TRPML	NCBI	XP_002161434	Hydmag|TRPML|TRPML1
TRPML	NCBI	XP_012557206	Hydmag|TRPML|TRPML2
TRPN	NCBI	XP_004208115	Hydmag|TRPN|TRPN
TRPN	NCBI	XP_012564775	Hydmag|TRPN|XP_012564775
TRPP	NCBI	XP_002157369	Hydmag|TRPP|TRPP1
TRPP	NCBI	XP_012565603	Hydmag|TRPP|TRPP10
TRPP	NCBI	XP_012557509	Hydmag|TRPP|TRPP11
TRPP	NCBI	XP_012559778	Hydmag|TRPP|TRPP12
TRPP	NCBI	XP_012560253	Hydmag|TRPP|TRPP13
TRPP	NCBI	XP_012563290	Hydmag|TRPP|TRPP14
TRPP	NCBI	XP_012559212	Hydmag|TRPP|TRPP2
TRPP	NCBI	XP_012560607	Hydmag|TRPP|TRPP3
TRPP	NCBI	XP_002166908	Hydmag|TRPP|TRPP4
TRPP	NCBI	XP_012560622	Hydmag|TRPP|TRPP5
TRPP	NCBI	XP_012560632	Hydmag|TRPP|TRPP6
TRPP	NCBI	XP_002166309	Hydmag|TRPP|TRPP7
TRPP	NCBI	XP_012558373	Hydmag|TRPP|TRPP8
TRPP	NCBI	XP_012556576	Hydmag|TRPP|TRPP9
TRPP	NCBI	XP_002170171	Hydmag|TRPP|XP_002170171
TRPP	NCBI	XP_002170618	Hydmag|TRPP|XP_002170618
TRPP	NCBI	XP_012554152	Hydmag|TRPP|XP_012554152
TRPP	NCBI	XP_012555668	Hydmag|TRPP|XP_012555668
TRPP	NCBI	XP_012555839	Hydmag|TRPP|XP_012555839
TRPP	NCBI	XP_012555982	Hydmag|TRPP|XP_012555982
TRPP	NCBI	XP_012557141	Hydmag|TRPP|XP_012557141
TRPP	NCBI	XP_012557371	Hydmag|TRPP|XP_012557371
TRPP	NCBI	XP_012558623	Hydmag|TRPP|XP_012558623
TRPP	NCBI	XP_012558708	Hydmag|TRPP|XP_012558708
TRPP	NCBI	XP_012560158	Hydmag|TRPP|XP_012560158
TRPP	NCBI	XP_012561015	Hydmag|TRPP|XP_012561015
TRPP	NCBI	XP_012562836	Hydmag|TRPP|XP_012562836
TRPP	NCBI	XP_012565618	Hydmag|TRPP|XP_012565618
TRPVL	NCBI	XP_012555894	Hydmag|TRPVL|TRPVL1
TRPVL	NCBI	XP_002168781	Hydmag|TRPVL|TRPVL2
TRPVL	NCBI	XP_012566858	Hydmag|TRPVL|TRPVL3
TRPVL	NCBI	XP_004207922	Hydmag|TRPVL|TRPVL4
TRPVL	NCBI	XP_012558139	Hydmag|TRPVL|TRPVL5
TRPVL	NCBI	XP_002157093	Hydmag|TRPVL|XP_002157093
TRPVL	NCBI	XP_002167802	Hydmag|TRPVL|XP_002167802
TRPVL	NCBI	XP_004212119	Hydmag|TRPVL|XP_004212119
TRPVL	NCBI	XP_012556242	Hydmag|TRPVL|XP_012556242
TRPVL	NCBI	XP_012557593	Hydmag|TRPVL|XP_012557593
TRPVL	NCBI	XP_012558457	Hydmag|TRPVL|XP_012558457
TRPVL	NCBI	XP_012558458	Hydmag|TRPVL|XP_012558458
TRPVL	NCBI	XP_012559278	Hydmag|TRPVL|XP_012559278
TRPC	NCBI	OQV25244	Hypduj|TRPC|OQV25244
TRPC	NCBI	OWA53372	Hypduj|TRPC|OWA53372
TRPN	NCBI	OQV12783	Hypduj|TRPN|OQV12783
TRPN	NCBI	OWA53384	Hypduj|TRPN|OWA53384
TRPN	NCBI	OWA53386	Hypduj|TRPN|OWA53386
TRPN	NCBI	OWA53387	Hypduj|TRPN|OWA53387
TRPS	NCBI	OQV11764	Hypduj|TRPS|OQV11764
TRPS	NCBI	OQV16369	Hypduj|TRPS|OQV16369
TRPS	NCBI	OQV18852	Hypduj|TRPS|OQV18852
TRPS	NCBI	OQV20961	Hypduj|TRPS|OQV20961
TRPS	NCBI	OQV20964	Hypduj|TRPS|OQV20964
TRPC	NCBI	EEC03061	Ixosca|TRPC|EEC03061
TRPC	NCBI	EEC04095	Ixosca|TRPC|EEC04095
TRPC	NCBI	XP_029826248	Ixosca|TRPC|XP_029826248
TRPC	NCBI	XP_029828138	Ixosca|TRPC|XP_029828138
TRPC	NCBI	XP_029831199	Ixosca|TRPC|XP_029831199
TRPC	NCBI	XP_029844206	Ixosca|TRPC|XP_029844206
TRPC	NCBI	XP_029844767	Ixosca|TRPC|XP_029844767
TRPM	NCBI	XP_029824440	Ixosca|TRPM|XP_029824440
TRPN	NCBI	EEC20553	Ixosca|TRPN|EEC20553
TRPN	NCBI	XP_029826751	Ixosca|TRPN|XP_029826751
TRPN	NCBI	XP_029828299	Ixosca|TRPN|XP_029828299
TRPS	NCBI	XP_029822890	Ixosca|TRPS|XP_029822890
TRPS	NCBI	XP_029843579	Ixosca|TRPS|XP_029843579
TRPS	NCBI	XP_029845457	Ixosca|TRPS|XP_029845457
TRPF	NCBI	XP_001877036	Lacbic|TRPF|TRPF1
TRPF	NCBI	XP_001875122	Lacbic|TRPF|TRPF2a
TRPF	NCBI	XP_001880967	Lacbic|TRPF|TRPF2b
TRPA	NCBI	XP_014342061.1	Latcha|TRPA|TRPA1
TRPC	NCBI	XP_006002842.1	Latcha|TRPC|TRPC1
TRPC	NCBI	XP_006003125.1	Latcha|TRPC|TRPC2
TRPC	NCBI	XP_006007350.2	Latcha|TRPC|TRPC3
TRPC	NCBI	XP_006012787.1	Latcha|TRPC|TRPC4
TRPC	NCBI	XP_006000310.1	Latcha|TRPC|TRPC5
TRPC	NCBI	XP_014339491.1	Latcha|TRPC|TRPC5
TRPC	NCBI	XP_014352497.1	Latcha|TRPC|TRPC6
TRPC	NCBI	XP_006011645.1	Latcha|TRPC|TRPC7
TRPM	NCBI	XP_014348116.1	Latcha|TRPM|TRPM1
TRPM	NCBI	XP_014348370.1	Latcha|TRPM|TRPM1
TRPM	NCBI	XP_014345762.1	Latcha|TRPM|TRPM2
TRPM	NCBI	XP_014339893.1	Latcha|TRPM|TRPM3
TRPM	NCBI	XP_014347481.1	Latcha|TRPM|TRPM3
TRPM	NCBI	XP_005990988.1	Latcha|TRPM|TRPM4a
TRPM	NCBI	XP_014344856.1	Latcha|TRPM|TRPM5
TRPM	NCBI	XP_014349563.1	Latcha|TRPM|TRPM6
TRPM	NCBI	XP_014340312.1	Latcha|TRPM|TRPM7
TRPM	NCBI	XP_014345846.1	Latcha|TRPM|TRPM8
TRPML	NCBI	XP_006002982.1	Latcha|TRPML|TRPML1
TRPML	NCBI	XP_014342647.1	Latcha|TRPML|TRPML2
TRPML	NCBI	XP_014342640.1	Latcha|TRPML|TRPML3
TRPN	NCBI	XP_014353437.1	Latcha|TRPN|TRPN1
TRPP	NCBI	XP_006007388.1	Latcha|TRPP|PKD2
TRPP	NCBI	XP_014341843.1	Latcha|TRPP|PKD2L1
TRPP	NCBI	XP_005989417.1	Latcha|TRPP|PKD2L2
TRPV	NCBI	XP_014354450.1	Latcha|TRPV|TRPV1
TRPV	NCBI	XP_006010862.1	Latcha|TRPV|TRPV3
TRPV	NCBI	XP_005999492.1	Latcha|TRPV|TRPV4
TRPV	NCBI	XP_014347128.1	Latcha|TRPV|TRPV5/6
TRP-	NCBI	XP_001470439.1	Leiinf|TRP-|TRP1
TrpML/P	NCBI	XP_001470439	Leiinf|TrpML/P|TRP1
TrpML	NCBI	XP_001463306	Leiinf|TrpML|TRP2
TrpML/P	NCBI	XP_001684103	Leimaj|TrpML/P|TRP1
TrpML	NCBI	XP_001681002	Leimaj|TrpML|TRP2
TrpML/P	NCBI	XP_003876399	Leimex|TrpML/P|TRP1
TRPML	NCBI	XP_003872242	Leimex|TRPML|TRP2
TRPA	NCBI	XP_006634049.1	Lepocu|TRPA|TRPA1
TRPC	NCBI	XP_006637772.1	Lepocu|TRPC|TRPC1
TRPC	NCBI	XP_015196659.1	Lepocu|TRPC|TRPC2
TRPC	NCBI	XP_006629229.2	Lepocu|TRPC|TRPC3
TRPC	NCBI	XP_006628285.1	Lepocu|TRPC|TRPC4
TRPC	NCBI	XP_015206809.1	Lepocu|TRPC|TRPC5
TRPC	NCBI	XP_015197190.1	Lepocu|TRPC|TRPC6
TRPC	NCBI	XP_015205153.1	Lepocu|TRPC|TRPC7
TRPM	NCBI	XP_006629107.1	Lepocu|TRPM|TRPM1
TRPM	NCBI	XP_015214648.1	Lepocu|TRPM|TRPM2
TRPM	NCBI	XP_015222993.1	Lepocu|TRPM|TRPM3
TRPM	NCBI	XP_015208857.1	Lepocu|TRPM|TRPM4
TRPM	NCBI	XP_015193971.1	Lepocu|TRPM|TRPM5
TRPM	NCBI	XP_015222646.1	Lepocu|TRPM|TRPM6
TRPML	NCBI	XP_015204501.1	Lepocu|TRPML|TRPML1
TRPML	NCBI	XP_015210872.1	Lepocu|TRPML|TRPML2
TRPML	NCBI	XP_015210611.1	Lepocu|TRPML|TRPML3
TRPN	NCBI	XP_006635908.2	Lepocu|TRPN|TRPN1
TRPP	NCBI	XP_006630139.1	Lepocu|TRPP|PKD2
TRPP	NCBI	XP_015203008.1	Lepocu|TRPP|PKD2L1
TRPP	NCBI	XP_015205285.1	Lepocu|TRPP|PKD2L2
TRPV	NCBI	XP_006641065.1	Lepocu|TRPV|TRPV1
TRPV	NCBI	XP_006640397.1	Lepocu|TRPV|TRPV4
TRPV	NCBI	XP_006642484.1	Lepocu|TRPV|TRPV5
TRPC	NCBI	AAN38979	Limpol|TRPC|AAN38979
TRPC	NCBI	AIA22826	Limpol|TRPC|AIA22826
TRPC	NCBI	NP_001301012	Limpol|TRPC|NP_001301012
TRPC	NCBI	NP_001301020	Limpol|TRPC|NP_001301020
TRPC	NCBI	XP_013791151.2	Limpol|TRPC|TRPgamma
TRPC	NCBI	XP_013773346	Limpol|TRPC|XP_013773346
TRPC	NCBI	XP_013775532.2	Limpol|TRPC|XP_013775532.2
TRPC	NCBI	XP_013776860	Limpol|TRPC|XP_013776860
TRPC	NCBI	XP_013778879	Limpol|TRPC|XP_013778879
TRPC	NCBI	XP_013790468	Limpol|TRPC|XP_013790468
TRPC	NCBI	XP_013791075.2	Limpol|TRPC|XP_013791075.2
TRPC	NCBI	XP_013791171.2	Limpol|TRPC|XP_013791171.2
TRPC	NCBI	XP_022242800	Limpol|TRPC|XP_022242800
TRPC	NCBI	XP_022246931	Limpol|TRPC|XP_022246931
TRPM	NCBI	XP_022248148	Limpol|TRPM|XP_022248148
TRPM	NCBI	XP_022255565	Limpol|TRPM|XP_022255565
TRPN	NCBI	XP_022241744	Limpol|TRPN|XP_022241744
TRPS	NCBI	XP_022247894	Limpol|TRPS|XP_022247894
TRPS	NCBI	XP_022250999	Limpol|TRPS|XP_022250999
TRPS	NCBI	XP_022254350	Limpol|TRPS|XP_022254350
TRPS	NCBI	XP_022257243	Limpol|TRPS|XP_022257243
TRPM	zenodo.893353	Lp1	Linpol|TRPM|Lp1
TRPM	zenodo.893353	Lp2	Linpol|TRPM|Lp2
TRPML	zenodo.893353	Lp6	Linpol|TRPML|Lp6
TRPP	zenodo.893353	Lp3	Linpol|TRPP|Lp3
TRPP	zenodo.893353	Lp4	Linpol|TRPP|Lp4
TRPP	zenodo.893353	Lp5	Linpol|TRPP|Lp5
TRPY	NCBI	XP_001527159	Lodelo|TRPY|TRPY1
TRPF	NCBI	XP_003720412	Magory|TRPF|TRPF1
TRPF	NCBI	XP_003714511	Magory|TRPF|TRPF3
TRPF	NCBI	XP_003711985	Magory|TRPF|TRPF4
TRP-	JGI	MicpuN3v2|6419	Miccom|TRP-|6419
TRP-	JGI	MicpuN3v2|9315	Miccom|TRP-|9315
TRP-	JGI	MicpuN3v2|2529	Miccom|TRP-|TRP1
TRP-	JGI	MicpuN3v2|9808	Miccom|TRP-|TRP2
TRP-	JGI	MicpuC3v2|3955	Micpus|TRP-|TRP1
TRPC	NCBI	XP_021340254	Mizyes|TRPC|XP_021340254
TRPC	NCBI	XP_021346254	Mizyes|TRPC|XP_021346254
TRPC	NCBI	XP_021357994	Mizyes|TRPC|XP_021357994
TRPC	NCBI	XP_021364913	Mizyes|TRPC|XP_021364913
TRPC	NCBI	XP_021376838	Mizyes|TRPC|XP_021376838
TRPM	NCBI	OWF37798.1	Mizyes|TRPM|OWF37798.1
TRPM	NCBI	OWF43174.1	Mizyes|TRPM|OWF43174.1
TRPM	NCBI	XP_021352500.1	Mizyes|TRPM|XP_021352500.1
TRPM	NCBI	XP_021362498.1	Mizyes|TRPM|XP_021362498.1
TRPM	NCBI	XP_021368426.1	Mizyes|TRPM|XP_021368426.1
TRPM	NCBI	XP_021372912.1	Mizyes|TRPM|XP_021372912.1
TRPM	NCBI	XP_021375666.1	Mizyes|TRPM|XP_021375666.1
TRPM	NCBI	XP_021375672.1	Mizyes|TRPM|XP_021375672.1
TRPM	NCBI	XP_021378397.1	Mizyes|TRPM|XP_021378397.1
TRPN	NCBI	XP_021357228	Mizyes|TRPN|XP_021357228
TRPN	NCBI	XP_021357229	Mizyes|TRPN|XP_021357229
TRPN	NCBI	XP_021357230	Mizyes|TRPN|XP_021357230
TRPS	NCBI	OWF47104.1	Mizyes|TRPS|OWF47104.1
TRPS	NCBI	XP_021360214	Mizyes|TRPS|XP_021360214
TRPA	JGI	Monbr1|22692	Monbre|TRPA|TRPA1
TRPC	JGI	Monbr1|27307	Monbre|TRPC|TRPC
TRPM	JGI	Monbr1|27446	Monbre|TRPM|TRPM1
TRPM	JGI	Monbr1|29245	Monbre|TRPM|TRPM2
TRPM	JGI	Monbr1|34057	Monbre|TRPM|TRPM3
TRPML	JGI	Monbr1|5126	Monbre|TRPML|TRPML
TRPV	JGI	Monbr1|22556	Monbre|TRPV|TRPV
TRPA	NCBI	NP_808449	Musmus|TRPA|TRPA1
TRPC	UniProt	Q9R244	Musmus|TRPC|TRPC2
TRPC	UniProt	Q9QUQ5	Musmus|TRPC|TRPC4
TRPC	UniProt	Q9QX29	Musmus|TRPC|TRPC5
TRPM	NCBI	NP_001034193	Musmus|TRPM|TRPM1
TRPM	NCBI	NP_612174	Musmus|TRPM|TRPM2
TRPM	NCBI	NP_001030316	Musmus|TRPM|TRPM3
TRPM	NCBI	NP_780339	Musmus|TRPM|TRPM4
TRPM	NCBI	NP_064673	Musmus|TRPM|TRPM5
TRPM	NCBI	NP_700466	Musmus|TRPM|TRPM6
TRPM	NCBI	NP_067425	Musmus|TRPM|TRPM7
TRPM	NCBI	NP_599013	Musmus|TRPM|TRPM8
TRPML	UniProt	Q99J21	Musmus|TRPML|TRPML1
TRPP	UniProt	A2A259	Musmus|TRPP|PKD2L1
TRPV	UniProt	Q8K424	Musmus|TRPV|TRPV3
TRPF	NCBI	XP_003849001	Mycgra|TRPF|TRPF1
TRPF	NCBI	XP_003849604	Mycgra|TRPF|TRPF2
TRPF	NCBI	XP_003849505	Mycgra|TRPF|TRPF4
TRPN	NCBI	XP_018416412	Nanpar|TRPN|TRPN1
TRPA	NCBI	XP_001604057	Nasvit|TRPA|HsTRPA
TRPA	NCBI	XP_031783731	Nasvit|TRPA|Pain
TRPA	NCBI	XP_001600001	Nasvit|TRPA|Pyr
TRPA	NCBI	XP_008210692	Nasvit|TRPA|Wtrw
TRPC	NCBI	XP_016840248	Nasvit|TRPC|TRP
TRPC	NCBI	XP_031782138	Nasvit|TRPC|TRPgamma
TRPC	NCBI	XP_008203556	Nasvit|TRPC|TRPL
TRPM	NCBI	XP_031782187	Nasvit|TRPM|TRPM
TRPML	NCBI	XP_001606145	Nasvit|TRPML|TRPML
TRPN	NCBI	XP_031780323	Nasvit|TRPN|NompC
TRPV	NCBI	XP_031780916	Nasvit|TRPV|Iav
TRPV	NCBI	XP_001606102	Nasvit|TRPV|Nan
TRPA	NCBI	XP_048577385	Nemvec|TRPA|TRPA1-1
TRPA	NCBI	XP_032228540	Nemvec|TRPA|TRPA1-2
TRPC	NCBI	XP_048585308	Nemvec|TRPC|TRPC1
TRPC	NCBI	XP_032221589	Nemvec|TRPC|TRPC2
TRPC	NCBI	XP_032217738	Nemvec|TRPC|TRPC3
TRPC	NCBI	XP_048590643	Nemvec|TRPC|TRPC4
TRPM	NCBI	XP_048577808	Nemvec|TRPM|TRPM1
TRPM	NCBI	XP_048583805	Nemvec|TRPM|TRPM2
TRPM	NCBI	XP_032225133	Nemvec|TRPM|TRPM3
TRPML	NCBI	XP_032239869	Nemvec|TRPML|TRPML1
TRPML	NCBI	XP_032239868	Nemvec|TRPML|TRPML2
TRPP	NCBI	XP_048576119	Nemvec|TRPP|PKDREJ
TRPP	NCBI	XP_048586645	Nemvec|TRPP|TRPP1
TRPP	NCBI	XP_048586753	Nemvec|TRPP|TRPP2
TRPP	NCBI	XP_032219880	Nemvec|TRPP|TRPP3
TRPP	NCBI	XP_048575348	Nemvec|TRPP|TRPP4
TRPP	NCBI	XP_048576823	Nemvec|TRPP|TRPP5
TRPP	NCBI	XP_048575420	Nemvec|TRPP|TRPP6
TRPP	NCBI	XP_032242531	Nemvec|TRPP|TRPP7
TRPP	NCBI	XP_048575324	Nemvec|TRPP|TRPP8
TRPV	NCBI	XP_048584484	Nemvec|TRPV|TRPV1
TRPV	NCBI	XP_048577476	Nemvec|TRPV|TRPV2
TRPVL	NCBI	XP_032222722	Nemvec|TRPVL|XP_032222722
TRPVL	NCBI	XP_032236008	Nemvec|TRPVL|XP_032236008
TRPF	NCBI	XP_011394356	Neucra|TRPF|TRPF1
TRPF	NCBI	XP_957034	Neucra|TRPF|TRPF2
TRPF	NCBI	XP_961809	Neucra|TRPF|TRPF3
TRPF	NCBI	XP_962343	Neucra|TRPF|TRPF4
TRPC	NCBI	XP_029637771	Octvul|TRPC|XP_029637771
TRPC	NCBI	XP_029644410	Octvul|TRPC|XP_029644410
TRPC	NCBI	XP_029648709	Octvul|TRPC|XP_029648709
TRPC	NCBI	XP_029648710	Octvul|TRPC|XP_029648710
TRPM	NCBI	XP_029641654.1	Octvul|TRPM|XP_029641654.1
TRPM	NCBI	XP_029646813.1	Octvul|TRPM|XP_029646813.1
TRPM	NCBI	XP_029646968.1	Octvul|TRPM|XP_029646968.1
TRPM	NCBI	XP_029647149.1	Octvul|TRPM|XP_029647149.1
TRPN	NCBI	XP_029639474	Octvul|TRPN|XP_029639474
TRPS	NCBI	XP_029638531.1	Octvul|TRPS|XP_029638531.1
TRPVL	NCBI	XP_020619676.1	Orbfav|TRPVL|TRPVL
TRPV	UniProt	G1SNM3	Orycun|TRPV|TRPV2
TRPV	UniProt	Q9XSM3	Orycun|TRPV|Trpv5
TRP-	JGI	Ostta4221_3|74786	Osttau|TRP-|74786
TRPA	journal.pone.0203935.s016	PargPain1	Panarg|TRPA|Pain1
TRPA	journal.pone.0203935.s016	PargPain2	Panarg|TRPA|Pain2
TRPA	journal.pone.0203935.s016	PargTRPA1	Panarg|TRPA|TRPA1
TRPA	journal.pone.0203935.s016	PargTRPA1-like1	Panarg|TRPA|TRPA1-like1
TRPA	journal.pone.0203935.s016	PargTRPA1-like2	Panarg|TRPA|TRPA1-like2
TRPA	journal.pone.0203935.s016	PargTRPA5-1	Panarg|TRPA|TRPA5-1
TRPA	journal.pone.0203935.s016	PargTRPA5-2	Panarg|TRPA|TRPA5-2
TRPA	journal.pone.0203935.s016	PargTRPA-like1	Panarg|TRPA|TRPA-like1
TRPA	journal.pone.0203935.s016	PargTRPApw	Panarg|TRPA|TRPApw
TRPC	journal.pone.0203935.s016	PargTRPC	Panarg|TRPC|TRPC
TRPC	journal.pone.0203935.s016	PargTRPgamma	Panarg|TRPC|TRPgamma
TRPM	journal.pone.0203935.s016	PargTRPM	Panarg|TRPM|TRPM
TRPML	journal.pone.0203935.s016	PargTRPML	Panarg|TRPML|TRPML
TRPN	journal.pone.0203935.s016	PargNompC	Panarg|TRPN|NompC
TRPP	journal.pone.0203935.s016	PargPkd2	Panarg|TRPP|Pkd2
TRPS	journal.pone.0203935.s016	PargTRPMm	Panarg|TRPS|TRPMm
TRPV	journal.pone.0203935.s016	PargIav	Panarg|TRPV|Iav
TRPV	journal.pone.0203935.s016	PargNan	Panarg|TRPV|Nan
TRPM	UniProt	A0A5S8WF66	Parmaj|TRPM|TRPM8
TRPC	NCBI	XP_015904863	Partep|TRPC|XP_015904863
TRPC	NCBI	XP_015916803	Partep|TRPC|XP_015916803
TRPC	NCBI	XP_015927173	Partep|TRPC|XP_015927173
TRPC	NCBI	XP_015930751	Partep|TRPC|XP_015930751
TRPC	NCBI	XP_020999857	Partep|TRPC|XP_020999857
TRPC	NCBI	XP_021001449	Partep|TRPC|XP_021001449
TRPC	NCBI	XP_021002173	Partep|TRPC|XP_021002173
TRPM	NCBI	XP_015907052	Partep|TRPM|XP_015907052
TRPN	NCBI	XP_015918920	Partep|TRPN|XP_015918920
TRPN	NCBI	XP_015929354	Partep|TRPN|XP_015929354
TRPS	NCBI	XP_015907226	Partep|TRPS|XP_015907226
TRPS	NCBI	XP_015912591	Partep|TRPS|XP_015912591
TRPS	NCBI	XP_015924394	Partep|TRPS|XP_015924394
TRPS	NCBI	XP_021001386	Partep|TRPS|XP_021001386
TRP-	JGI	Partet1|4778962	Partet|TRP-|TRP1
TRP-	JGI	Partet1|4756373	Partet|TRP-|TRP3
TRPML	NCBI	XP_001452370	Partet|TRPML|TRP1
TRPP	NCBI	XP_001444531	Partet|TRPP|TRP2
TRPP	NCBI	XP_001429751	Partet|TRPP|TRP3
TRPA	NCBI	XP_002425714	Pedhum|TRPA|Pain
TRPA	NCBI	XP_002431770	Pedhum|TRPA|Pyr
TRPA	NCBI	XP_002432346	Pedhum|TRPA|TRPA1
TRPA	NCBI	XP_002430638	Pedhum|TRPA|Wtrw
TRPC	NCBI	XP_002428580	Pedhum|TRPC|PHUM009153-PA
TRPC	NCBI	XP_002423380	Pedhum|TRPC|TRP
TRPC	NCBI	XP_002423801	Pedhum|TRPC|TRPgamma
TRPM	NCBI	XP_002423257	Pedhum|TRPM|TRPM
TRPML	NCBI	XP_002432473	Pedhum|TRPML|TRPML
TRPN	NCBI	XP_002424810	Pedhum|TRPN|NompC
TRPP	NCBI	XP_002431895	Pedhum|TRPP|Pkd2
TRPV	NCBI	XP_002432382	Pedhum|TRPV|Iav
TRPV	NCBI	XP_002427963	Pedhum|TRPV|Nan
TRPF	NCBI	XP_002559904	Penchr|TRPF|TRPF1
TRPF	NCBI	XP_002569164	Penchr|TRPF|TRPF3
TRP-	JGI	Phatr2|47206	Phatri|TRP-|47206
TRP-	JGI	Phatr2|49054	Phatri|TRP-|49054
TRP-	JGI	Phatr2|49250	Phatri|TRP-|49250
TRP-	JGI	Phatr2|50255	Phatri|TRP-|50255
TrpML/P	NCBI	XP_001349872	Plafal|TrpML/P|XP_001349872
TrpML/P	NCBI	XP_002262030	Plakno|TrpML/P|XP_002262030
TrpML/P	NCBI	XP_001617062	Plaviv|TrpML/P|XP_001617062
TRPC	NCBI	PVD34632	Pomcan|TRPC|PVD34632
TRPC	NCBI	PVD35106	Pomcan|TRPC|PVD35106
TRPC	NCBI	PVD35107	Pomcan|TRPC|PVD35107
TRPC	NCBI	XP_025080613	Pomcan|TRPC|XP_025080613
TRPC	NCBI	XP_025085325	Pomcan|TRPC|XP_025085325
TRPC	NCBI	XP_025087043	Pomcan|TRPC|XP_025087043
TRPC	NCBI	XP_025087244	Pomcan|TRPC|XP_025087244
TRPC	NCBI	XP_025088295	Pomcan|TRPC|XP_025088295
TRPM	NCBI	PVD30001.1	Pomcan|TRPM|PVD30001.1
TRPM	NCBI	PVD35972.1	Pomcan|TRPM|PVD35972.1
TRPM	NCBI	PVD39019.1	Pomcan|TRPM|PVD39019.1
TRPM	NCBI	XP_025081224.1	Pomcan|TRPM|XP_025081224.1
TRPM	NCBI	XP_025089091.1	Pomcan|TRPM|XP_025089091.1
TRPN	NCBI	PVD23826	Pomcan|TRPN|PVD23826
TRPN	NCBI	XP_025111061	Pomcan|TRPN|XP_025111061
TRPS	NCBI	XP_025086702.1	Pomcan|TRPS|XP_025086702.1
TRPS	NCBI	XP_025088552.1	Pomcan|TRPS|XP_025088552.1
TRPC	NCBI	XP_014667454	Pricau|TRPC|XP_014667454
TRPM	NCBI	XP_014669422	Pricau|TRPM|XP_014669422
TRPM	NCBI	XP_014671784	Pricau|TRPM|XP_014671784
TRPN	NCBI	XP_014664542	Pricau|TRPN|XP_014664542
TRPS	NCBI	XP_014670278	Pricau|TRPS|XP_014670278
TRPS	NCBI	KAF8357789	Pripac|TRPS|TRPS
TRPC	NCBI	GAU98498	Ramvar|TRPC|GAU98498
TRPC	NCBI	GAV03645	Ramvar|TRPC|GAV03645
TRPN	NCBI	GAU98760	Ramvar|TRPN|GAU98760
TRPN	NCBI	GAU98761	Ramvar|TRPN|GAU98761
TRPN	NCBI	GAU98762	Ramvar|TRPN|GAU98762
TRPN	NCBI	GAU98765	Ramvar|TRPN|GAU98765
TRPN	NCBI	GAU98766	Ramvar|TRPN|GAU98766
TRPS	NCBI	GAU91171	Ramvar|TRPS|GAU91171
TRPS	NCBI	GAU91175	Ramvar|TRPS|GAU91175
TRPS	NCBI	GAU92603	Ramvar|TRPS|GAU92603
TRPS	NCBI	GAU92779	Ramvar|TRPS|GAU92779
TRPS	NCBI	GAV05896	Ramvar|TRPS|GAV05896
TRPA	NCBI	NP_997491	Ratnor|TRPA|TRPA1
TRPM	NCBI	NP_001032823	Ratnor|TRPM|TRPM1
TRPM	NCBI	NP_001011559	Ratnor|TRPM|TRPM2
TRPM	NCBI	NP_001178491	Ratnor|TRPM|TRPM3a
TRPM	NCBI	NP_001129701	Ratnor|TRPM|TRPM4
TRPM	NCBI	NP_001178825	Ratnor|TRPM|TRPM5
TRPM	NCBI	XP_038957309	Ratnor|TRPM|TRPM6
TRPM	NCBI	NP_446157	Ratnor|TRPM|TRPM7
TRPM	NCBI	NP_599198	Ratnor|TRPM|TRPM8
TRPV	UniProt	O35433	Ratnor|TRPV|TRPV1
TRPV	UniProt	Q9WUD2	Ratnor|TRPV|TRPV2
TRPV	UniProt	Q9R186	Ratnor|TRPV|TRPV6
TRPY	NCBI	NP_014730	Saccer|TRPY|TRPY1
TRPY	NCBI	QID82427.1	Sacpas|TRPY|TRPY1
TrpA	NCBI	XP_018647368	Schman|TrpA|XP_018647368
TrpC	NCBI	XP_018647121	Schman|TrpC|XP_018647121
TrpC	NCBI	XP_018649047	Schman|TrpC|XP_018649047
TrpC	NCBI	XP_018652468	Schman|TrpC|XP_018652468
TrpC	NCBI	XP_018655528	Schman|TrpC|XP_018655528
TrpM/C/V	NCBI	XP_018647895	Schman|TrpM/C/V|XP_018647895
TrpM/C	NCBI	XP_018645451	Schman|TrpM/C|XP_018645451
TrpM	NCBI	XP_018644719	Schman|TrpM|XP_018644719
TrpM	NCBI	XP_018644913	Schman|TrpM|XP_018644913
TrpM	NCBI	XP_018645450	Schman|TrpM|XP_018645450
TrpM	NCBI	XP_018645452	Schman|TrpM|XP_018645452
TrpM	NCBI	XP_018651244	Schman|TrpM|XP_018651244
TrpM	NCBI	XP_018652237	Schman|TrpM|XP_018652237
TrpM	NCBI	XP_018653064	Schman|TrpM|XP_018653064
TrpML	NCBI	XP_018646220	Schman|TrpML|XP_018646220
TrpP	NCBI	XP_018644724	Schman|TrpP|XP_018644724
TrpP	NCBI	XP_018653082	Schman|TrpP|XP_018653082
TrpP	NCBI	XP_018654563	Schman|TrpP|XP_018654563
TRPS	UniProt	T1IZ08	Strmar|TRPS|T1IZ08
TRPS	UniProt	T1J9X5	Strmar|TRPS|T1J9X5
TRPC	NCBI	XP_037959984.1	Teldal|TRPC|TRPgamma
TRP-	JGI	Thaps3|23027	Thapse|TRP-|23027
TRP-	JGI	Thaps3|23036	Thapse|TRP-|23036
TRP-	JGI	Thaps3|23780	Thapse|TRP-|23780
TRP-	JGI	Thaps3|24328	Thapse|TRP-|24328
TRP-	JGI	Thaps3|25276	Thapse|TRP-|25276
TrpP	NCBI	CEL77355	Toxgon|TrpP|CEL77355
TrpP	NCBI	CEL78390	Toxgon|TrpP|CEL78390
TRPA	NCBI	NP_001164308	Tricas|TRPA|Pain
TRPA	NCBI	EFA07512	Tricas|TRPA|Pyr
TRPA	NCBI	XP_015834257	Tricas|TRPA|TRPA1
TRPA	NCBI	XP_008192024	Tricas|TRPA|TRPA5
TRPA	NCBI	XP_966629	Tricas|TRPA|Wtrw
TRPC	NCBI	KYB27779	Tricas|TRPC|TRP
TRPC	NCBI	XP_968598	Tricas|TRPC|TRPL
TRPC	NCBI	XP_008192937	Tricas|TRPC|XP_008192937
TRPM	NCBI	XP_015837215	Tricas|TRPM|TRPM
TRPML	NCBI	XP_966660	Tricas|TRPML|TRPML
TRPN	NCBI	XP_015838654	Tricas|TRPN|NompC
TRPP	NCBI	EEZ99278	Tricas|TRPP|Pkd2
TRPV	NCBI	EFA10736	Tricas|TRPV|Iav
TRPV	NCBI	XP_967896	Tricas|TRPV|Nan
TRPS	NCBI	PRD37692.1	Tricla|TRPS|PRD37692.1
TrpML/P	NCBI	XP_001325681	Trivag|TrpML/P|XP_001325681
TrpML	NCBI	XP_001298159	Trivag|TrpML|XP_001298159
TrpV	NCBI	XP_001296819	Trivag|TrpV|XP_001296819
TrpC/P/ML	NCBI	XP_846922	Trybru|TrpC/P/ML|XP_846922
TrpML/P	NCBI	XP_845719	Trybru|TrpML/P|XP_845719
TrpML/P	NCBI	XP_804976	Trycru|TrpML/P|TRP1
TrpML/P	NCBI	XP_804854	Trycru|TrpML/P|TRP2
TrpML/P	NCBI	XP_807515	Trycru|TrpML/P|XP_807515
TrpML/P	NCBI	XP_816280	Trycru|TrpML/P|XP_816280
TRPF	NCBI	XP_002841844	Tubmel|TRPF|TRPF1
TRPF	NCBI	XP_011390161	Ustmay|TRPF|TRPF1
TRPF	NCBI	XP_011391762	Ustmay|TRPF|TRPF2
TRP-	JGI	Volca2_1|11048	Volcar|TRP-|TRP1
TRP-	JGI	Volca2_1|3340	Volcar|TRP-|TRP2
TRP-	JGI	Volca2_1|1758	Volcar|TRP-|TRP3
TRP-	JGI	Volca2_1|10617	Volcar|TRP-|TRP4
TRPV	UniProt	A0A6I8RQZ3	Xentro|TRPV|TRPV4
TRPY	NCBI	XP_002496312	Zygrou|TRPY|TRPY1
			
			
			
			
			
			
			
			
			
			
			
			
			
			
			
			
			
			
			
			
			
			
			
			
			
			
			
			
			
			
			
			
			
			
			
			
			
			
			
			
			
			
			
			
			
			
			
			
			
			
			
			
			
			
			
			
			
			
			
			
			
			
			
			
			
			
			
			
			
			
			
			
			
			
			
			
			
			
			
			
			
			
			
			
			
			
			
			
			
			
			
			
			
			
			
			
			
			
			
			
			
			
			
			
			
			
			
			
			
			
			
			
			
			
			
			
			
			
			
			
			
			
			
			
			
			
			
			
			
			
			
			
			
			
			
			
			
			
			
			
			
			
			
			
			
			
			
			
			
			
			
			
			
			
			
			
			
			
			
			
			
			
			
			
			
			
			
			
			
			
			
			
			
